<mvc:View
	controllerName="sap.m.sample.TableMergeCells.Table"
	xmlns:mvc="sap.ui.core.mvc"
	xmlns="sap.m">
	<Table
		headerText="Products"
		items="{
			path:'/ProductCollection',
			sorter: {
				path: 'SupplierName',
				descending: false
			}
		}" >
		<columns>
			<Column mergeDuplicates="true">
				<header>
					<Text text="Supplier" />
				</header>
			</Column>
			<Column mergeDuplicates="true">
				<header>
					<Text text="Product" />
				</header>
			</Column>
			<Column
				minScreenWidth="Tablet"
				demandPopin="true"
				hAlign="End" >
				<header>
					<Text text="Dimensions" />
				</header>
			</Column>
			<Column
				minScreenWidth="Tablet"
				demandPopin="true"
				hAlign="Center" >
				<header>
					<Text text="Weight" />
				</header>
			</Column>
			<Column hAlign="End">
				<header>
					<Text text="Price" />
				</header>
			</Column>
		</columns>
		<ColumnListItem vAlign="Middle">
			<Text text="{SupplierName}" />
			<ObjectIdentifier title="{Name}" text="{ProductId}" />
			<Text text="{Width} x {Depth} x {Height} {DimUnit}" />
			<ObjectNumber
				number="{WeightMeasure}" unit="{WeightUnit}"
				state="{
					path: 'WeightMeasure',
					formatter: 'sap.m.sample.TableMergeCells.Formatter.weightState'
				}" />
			<ObjectNumber
					number="{
						parts:[{path:'Price'},{path:'CurrencyCode'}],
						type: 'sap.ui.model.type.Currency',
						formatOptions: {showMeasure: false}
					}"
					unit="{CurrencyCode}" />
		</ColumnListItem>
	</Table>
</mvc:View>