<mvc:View controllerName="sap.viz.sample.Pie.Pie" xmlns="sap.m"
    xmlns:viz="sap.viz.ui5.controls" xmlns:layout="sap.ui.layout"
    xmlns:mvc="sap.ui.core.mvc" xmlns:viz.feeds="sap.viz.ui5.controls.common.feeds"
    xmlns:viz.data="sap.viz.ui5.data" height="100%">
    <layout:FixFlex id='chartFixFlex' minFlexSize="250">
        <!--Below is the setting panel -->
        <layout:flexContent>
            <viz:VizFrame id="idVizFrame" uiConfig="{applicationSet:'fiori'}"
                height='70%' width="70%" vizType='pie'>
                <viz:dataset>
                    <viz.data:FlattenedDataset data="{/milk}">
                        <viz.data:dimensions>
                            <viz.data:DimensionDefinition name="Store Name"
                                value="{Store Name}" />
                        </viz.data:dimensions>
                        <viz.data:measures>
                            <viz.data:MeasureDefinition name="Revenue"
                                value="{Revenue}" />
                        </viz.data:measures>
                    </viz.data:FlattenedDataset>
                </viz:dataset>

                <viz:feeds>
                    <viz.feeds:FeedItem uid="size" type="Measure"
                        values="Revenue" />
                    <viz.feeds:FeedItem uid="color" type="Dimension"
                        values="Store Name" />
                </viz:feeds>
                <viz:dependents>
                    <viz:Popover id="idPopOver"></viz:Popover>
                </viz:dependents>
            </viz:VizFrame>
        </layout:flexContent>
    </layout:FixFlex>
</mvc:View>