<mvc:View
	controllerName="sap.m.sample.CustomListItem.List"
	xmlns:core="sap.ui.core"
	xmlns:mvc="sap.ui.core.mvc"
	xmlns="sap.m">
	<List headerText="Custom Content" mode="Delete" items="{path: '/ProductCollection'}" >
		<CustomListItem>
			<HBox>
				<core:Icon size="2rem" src="sap-icon://attachment-photo" class="sapUiSmallMarginBegin sapUiSmallMarginTopBottom" />
				<VBox class="sapUiSmallMarginBegin sapUiSmallMarginTopBottom" >
					<Link text="{Name}" target="{ProductPicUrl}" press="handlePress"/>
					<Label text="{ProductId}"/>
				</VBox>
			</HBox>
		</CustomListItem>
	</List>
</mvc:View>